{
  "dislike1": {
    "bboxes": [
      [
        0.29583333333333334,
        0.5787037037037037,
        0.17083333333333334,
        0.4
      ]
    ],
    "labels": [
      "dislike"
    ],
    "leading_conf": 1.0,
    "leading_hand": "left"
  },
  "dislike2": {
    "bboxes": [
      [
        0.2911458333333333,
        0.41203703703703703,
        0.20572916666666666,
        0.44166666666666665
      ]
    ],
    "labels": [
      "dislike"
    ],
    "leading_conf": 1.0,
    "leading_hand": "right"
  },
  "dislike3": {
    "bboxes": [
      [
        0.621875,
        0.4546296296296296,
        0.23020833333333332,
        0.3453703703703704
      ]
    ],
    "labels": [
      "dislike"
    ],
    "leading_conf": 1.0,
    "leading_hand": "right"
  },
  "like1": {
    "bboxes": [
      [
        0.39010416666666664,
        0.5472222222222223,
        0.15833333333333333,
        0.29259259259259257
      ]
    ],
    "labels": [
      "like"
    ],
    "leading_conf": 1.0,
    "leading_hand": "right"
  },
  "like2": {
    "bboxes": [
      [
        0.5640625,
        0.49907407407407406,
        0.2671875,
        0.4444444444444444
      ]
    ],
    "labels": [
      "like"
    ],
    "leading_conf": 1.0,
    "leading_hand": "left"
  },
  "like3": {
    "bboxes": [
      [
        0.5822916666666667,
        0.5370370370370371,
        0.19583333333333333,
        0.3712962962962963
      ]
    ],
    "labels": [
      "like"
    ],
    "leading_conf": 1.0,
    "leading_hand": "left"
  },
  "peace1": {
    "bboxes": [
      [
        0.24583333333333332,
        0.3537037037037037,
        0.23697916666666666,
        0.5407407407407407
      ]
    ],
    "labels": [
      "peace"
    ],
    "leading_conf": 1.0,
    "leading_hand": "right"
  },
  "peace2": {
    "bboxes": [
      [
        0.13645833333333332,
        0.06388888888888888,
        0.3067708333333333,
        0.8462962962962963
      ]
    ],
    "labels": [
      "peace"
    ],
    "leading_conf": 1.0,
    "leading_hand": "right"
  },
  "peace3": {
    "bboxes": [
      [
        0.24947916666666667,
        0.2,
        0.24791666666666667,
        0.6981481481481482
      ]
    ],
    "labels": [
      "peace"
    ],
    "leading_conf": 1.0,
    "leading_hand": "right"
  },
  "rock1": {
    "bboxes": [
      [
        0.2989583333333333,
        0.44351851851851853,
        0.19166666666666668,
        0.45092592592592595
      ]
    ],
    "labels": [
      "rock"
    ],
    "leading_conf": 1.0,
    "leading_hand": "right"
  },
  "rock2": {
    "bboxes": [
      [
        0.240625,
        0.35555555555555557,
        0.22864583333333333,
        0.47314814814814815
      ]
    ],
    "labels": [
      "rock"
    ],
    "leading_conf": 1.0,
    "leading_hand": "right"
  },
  "rock3": {
    "bboxes": [
      [
        0.22135416666666666,
        0.023148148148148147,
        0.24947916666666667,
        0.6796296296296296
      ]
    ],
    "labels": [
      "rock"
    ],
    "leading_conf": 1.0,
    "leading_hand": "right"
  },
  "stop1": {
    "bboxes": [
      [
        0.2453125,
        0.1425925925925926,
        0.23958333333333334,
        0.75
      ]
    ],
    "labels": [
      "stop"
    ],
    "leading_conf": 1.0,
    "leading_hand": "right"
  },
  "stop2": {
    "bboxes": [
      [
        0.203125,
        0.009259259259259259,
        0.29010416666666666,
        0.7685185185185185
      ]
    ],
    "labels": [
      "stop"
    ],
    "leading_conf": 1.0,
    "leading_hand": "right"
  },
  "stop3": {
    "bboxes": [
      [
        0.2390625,
        0.07777777777777778,
        0.25833333333333336,
        0.6842592592592592
      ]
    ],
    "labels": [
      "stop"
    ],
    "leading_conf": 1.0,
    "leading_hand": "right"
  }
}